﻿<MD_Metadata xmlns="http://www.isotc211.org/2005/gmd" xmlns:gco="http://www.isotc211.org/2005/gco" xmlns:gts="http://www.isotc211.org/2005/gts" xmlns:srv="http://www.isotc211.org/2005/srv" xmlns:gml="http://www.opengis.net/gml" xmlns:xlink="http://www.w3.org/1999/xlink" xmlns:xsi="http://www.w3.org/2001/XMLSchema-instance">
  <fileIdentifier>
    <gco:CharacterString>{D8601038-AFE4-48D8-AA1B-9A9AF68785EB}</gco:CharacterString>
  </fileIdentifier>
  <language>
    <LanguageCode codeList="http://www.loc.gov/standards/iso639-2/php/code_list.php" codeListValue="eng" codeSpace="ISO639-2">eng</LanguageCode>
  </language>
  <characterSet>
    <MD_CharacterSetCode codeList="http://www.isotc211.org/2005/resources/Codelist/gmxCodelists.xml#MD_CharacterSetCode" codeListValue="utf8" codeSpace="ISOTC211/19115">utf8</MD_CharacterSetCode>
  </characterSet>
  <hierarchyLevel>
    <MD_ScopeCode codeList="http://www.isotc211.org/2005/resources/Codelist/gmxCodelists.xml#MD_ScopeCode" codeListValue="dataset" codeSpace="ISOTC211/19115">dataset</MD_ScopeCode>
  </hierarchyLevel>
  <hierarchyLevelName>
    <gco:CharacterString>dataset</gco:CharacterString>
  </hierarchyLevelName>
  <contact>
    <CI_ResponsibleParty>
      <organisationName>
        <gco:CharacterString>European Commission, Eurostat (ESTAT), GISCO</gco:CharacterString>
      </organisationName>
      <contactInfo>
        <CI_Contact>
          <address>
            <CI_Address>
              <electronicMailAddress>
                <gco:CharacterString>estat-gisco@ec.europa.eu</gco:CharacterString>
              </electronicMailAddress>
            </CI_Address>
          </address>
        </CI_Contact>
      </contactInfo>
      <role>
        <CI_RoleCode codeList="http://www.isotc211.org/2005/resources/Codelist/gmxCodelists.xml#CI_RoleCode" codeListValue="pointOfContact" codeSpace="ISOTC211/19115">pointOfContact</CI_RoleCode>
      </role>
    </CI_ResponsibleParty>
  </contact>
  <dateStamp>
    <gco:Date>2014-09-23</gco:Date>
  </dateStamp>
  <metadataStandardName>
    <gco:CharacterString>INSPIRE Metadata Implementing Rules: Technical Guidelines based on EN ISO 19115 and EN ISO 19119</gco:CharacterString>
  </metadataStandardName>
  <metadataStandardVersion>
    <gco:CharacterString>V. 1.2</gco:CharacterString>
  </metadataStandardVersion>
  <dataSetURI>
    <gco:CharacterString>Server=crab.cc.cec.eu.int; Service=port:5154; User=giscoread; Version=SDE.DEFAULT</gco:CharacterString>
  </dataSetURI>
  <spatialRepresentationInfo>
    <MD_VectorSpatialRepresentation>
      <topologyLevel>
        <MD_TopologyLevelCode codeList="http://www.isotc211.org/2005/resources/Codelist/gmxCodelists.xml#MD_TopologyLevelCode" codeListValue="geometryOnly" codeSpace="ISOTC211/19115">geometryOnly</MD_TopologyLevelCode>
      </topologyLevel>
      <geometricObjects>
        <MD_GeometricObjects>
          <geometricObjectType>
            <MD_GeometricObjectTypeCode codeList="http://www.isotc211.org/2005/resources/Codelist/gmxCodelists.xml#MD_GeometricObjectTypeCode" codeListValue="composite" codeSpace="ISOTC211/19115">composite</MD_GeometricObjectTypeCode>
          </geometricObjectType>
          <geometricObjectCount>
            <gco:Integer>12297</gco:Integer>
          </geometricObjectCount>
        </MD_GeometricObjects>
      </geometricObjects>
    </MD_VectorSpatialRepresentation>
  </spatialRepresentationInfo>
  <referenceSystemInfo>
    <MD_ReferenceSystem>
      <referenceSystemIdentifier>
        <RS_Identifier>
          <code>
            <gco:CharacterString>GCS_ETRS_1989</gco:CharacterString>
          </code>
          <codeSpace>
            <gco:CharacterString>EPSG</gco:CharacterString>
          </codeSpace>
          <version>
            <gco:CharacterString>7.4.1</gco:CharacterString>
          </version>
        </RS_Identifier>
      </referenceSystemIdentifier>
    </MD_ReferenceSystem>
  </referenceSystemInfo>
  <identificationInfo>
    <MD_DataIdentification>
      <citation>
        <CI_Citation>
          <title>
            <gco:CharacterString>Country Boundaries 1:3 Million version 2014</gco:CharacterString>
          </title>
          <alternateTitle>
            <gco:CharacterString>GISCO.CNTR_BN_03M_2010</gco:CharacterString>
          </alternateTitle>
          <date>
            <CI_Date>
              <date>
                <gco:Date>2014-07-01</gco:Date>
              </date>
              <dateType>
                <CI_DateTypeCode codeList="http://www.isotc211.org/2005/resources/Codelist/gmxCodelists.xml#CI_DateTypeCode" codeListValue="creation" codeSpace="ISOTC211/19115">creation</CI_DateTypeCode>
              </dateType>
            </CI_Date>
          </date>
          <date>
            <CI_Date>
              <date>
                <gco:Date>2014-09-24</gco:Date>
              </date>
              <dateType>
                <CI_DateTypeCode codeList="http://www.isotc211.org/2005/resources/Codelist/gmxCodelists.xml#CI_DateTypeCode" codeListValue="publication" codeSpace="ISOTC211/19115">publication</CI_DateTypeCode>
              </dateType>
            </CI_Date>
          </date>
          <edition>
            <gco:CharacterString>2010</gco:CharacterString>
          </edition>
          <editionDate>
            <gco:Date>2011-12-02</gco:Date>
          </editionDate>
          <identifier>
            <MD_Identifier>
              <code>
                <gco:CharacterString>5C27B6C0-BC1C-4175-9B0B-783AEEBAAD61</gco:CharacterString>
              </code>
            </MD_Identifier>
          </identifier>
          <citedResponsibleParty>
            <CI_ResponsibleParty>
              <organisationName>
                <gco:CharacterString>Eurostat GISCO - European Commission</gco:CharacterString>
              </organisationName>
              <contactInfo>
                <CI_Contact>
                  <phone>
                    <CI_Telephone>
                      <voice>
                        <gco:CharacterString>+352 4301 32076</gco:CharacterString>
                      </voice>
                      <facsimile>
                        <gco:CharacterString>+352 4301 32029</gco:CharacterString>
                      </facsimile>
                    </CI_Telephone>
                  </phone>
                  <address>
                    <CI_Address>
                      <deliveryPoint>
                        <gco:CharacterString>5, rue Alphonse Weicker</gco:CharacterString>
                      </deliveryPoint>
                      <city>
                        <gco:CharacterString>Luxembourg</gco:CharacterString>
                      </city>
                      <administrativeArea>
                        <gco:CharacterString>Luxembourg</gco:CharacterString>
                      </administrativeArea>
                      <postalCode>
                        <gco:CharacterString>2920</gco:CharacterString>
                      </postalCode>
                      <country>
                        <Country codeList="http://www.iso.org/iso/country_codes/iso_3166_code_lists.htm" codeListValue="LU" codeSpace="ISO3166-1">LU</Country>
                      </country>
                      <electronicMailAddress>
                        <gco:CharacterString>estat-gisco@ec.europa.eu</gco:CharacterString>
                      </electronicMailAddress>
                    </CI_Address>
                  </address>
                </CI_Contact>
              </contactInfo>
              <role>
                <CI_RoleCode codeList="http://www.isotc211.org/2005/resources/Codelist/gmxCodelists.xml#CI_RoleCode" codeListValue="pointOfContact" codeSpace="ISOTC211/19115">pointOfContact</CI_RoleCode>
              </role>
            </CI_ResponsibleParty>
          </citedResponsibleParty>
          <citedResponsibleParty>
            <CI_ResponsibleParty>
              <organisationName>
                <gco:CharacterString>Abaco Spa</gco:CharacterString>
              </organisationName>
              <contactInfo>
                <CI_Contact>
                  <phone>
                    <CI_Telephone>
                      <voice>
                        <gco:CharacterString>+39 0376 222 181</gco:CharacterString>
                      </voice>
                      <facsimile>
                        <gco:CharacterString>+39 0376 222 182</gco:CharacterString>
                      </facsimile>
                    </CI_Telephone>
                  </phone>
                  <address>
                    <CI_Address>
                      <deliveryPoint>
                        <gco:CharacterString>Corso Umberto I, 43</gco:CharacterString>
                      </deliveryPoint>
                      <city>
                        <gco:CharacterString>Mantova</gco:CharacterString>
                      </city>
                      <administrativeArea>
                        <gco:CharacterString>Mantova</gco:CharacterString>
                      </administrativeArea>
                      <postalCode>
                        <gco:CharacterString>46100</gco:CharacterString>
                      </postalCode>
                      <country>
                        <Country codeList="http://www.iso.org/iso/country_codes/iso_3166_code_lists.htm" codeListValue="IT" codeSpace="ISO3166-1">IT</Country>
                      </country>
                      <electronicMailAddress>
                        <gco:CharacterString>info@abacogroup.eu</gco:CharacterString>
                      </electronicMailAddress>
                    </CI_Address>
                  </address>
                </CI_Contact>
              </contactInfo>
              <role>
                <CI_RoleCode codeList="http://www.isotc211.org/2005/resources/Codelist/gmxCodelists.xml#CI_RoleCode" codeListValue="processor" codeSpace="ISOTC211/19115">processor</CI_RoleCode>
              </role>
            </CI_ResponsibleParty>
          </citedResponsibleParty>
          <presentationForm>
            <CI_PresentationFormCode codeList="http://www.isotc211.org/2005/resources/Codelist/gmxCodelists.xml#CI_PresentationFormCode" codeListValue="mapDigital" codeSpace="ISOTC211/19115">mapDigital</CI_PresentationFormCode>
          </presentationForm>
        </CI_Citation>
      </citation>
      <abstract>
        <gco:CharacterString>Administrative boundaries on country level This feature class is at scale level (1:3.000.000). The extent of the feature classes covers the entire world.</gco:CharacterString>
      </abstract>
      <purpose>
        <gco:CharacterString>The countries boundaries are used mainly for mapping purposes.</gco:CharacterString>
      </purpose>
      <pointOfContact>
        <CI_ResponsibleParty>
          <organisationName>
            <gco:CharacterString>Eurostat GISCO - European Commission</gco:CharacterString>
          </organisationName>
          <contactInfo>
            <CI_Contact>
              <phone>
                <CI_Telephone>
                  <voice>
                    <gco:CharacterString>+352 4301 32076</gco:CharacterString>
                  </voice>
                  <facsimile>
                    <gco:CharacterString>+352 4301 32029</gco:CharacterString>
                  </facsimile>
                </CI_Telephone>
              </phone>
              <address>
                <CI_Address>
                  <deliveryPoint>
                    <gco:CharacterString>5, rue Alphonse Weicker</gco:CharacterString>
                  </deliveryPoint>
                  <city>
                    <gco:CharacterString>Luxembourg</gco:CharacterString>
                  </city>
                  <administrativeArea>
                    <gco:CharacterString>Luxembourg</gco:CharacterString>
                  </administrativeArea>
                  <postalCode>
                    <gco:CharacterString>2920</gco:CharacterString>
                  </postalCode>
                  <country>
                    <Country codeList="http://www.iso.org/iso/country_codes/iso_3166_code_lists.htm" codeListValue="LU" codeSpace="ISO3166-1">LU</Country>
                  </country>
                  <electronicMailAddress>
                    <gco:CharacterString>estat-gisco@ec.europa.eu</gco:CharacterString>
                  </electronicMailAddress>
                </CI_Address>
              </address>
            </CI_Contact>
          </contactInfo>
          <role>
            <CI_RoleCode codeList="http://www.isotc211.org/2005/resources/Codelist/gmxCodelists.xml#CI_RoleCode" codeListValue="custodian" codeSpace="ISOTC211/19115">custodian</CI_RoleCode>
          </role>
        </CI_ResponsibleParty>
      </pointOfContact>
      <resourceMaintenance>
        <MD_MaintenanceInformation>
          <maintenanceAndUpdateFrequency>
            <MD_MaintenanceFrequencyCode codeList="http://www.isotc211.org/2005/resources/Codelist/gmxCodelists.xml#MD_MaintenanceFrequencyCode" codeListValue="irregular" codeSpace="ISOTC211/19115">irregular</MD_MaintenanceFrequencyCode>
          </maintenanceAndUpdateFrequency>
        </MD_MaintenanceInformation>
      </resourceMaintenance>
      <descriptiveKeywords>
        <MD_Keywords>
          <keyword>
            <gco:CharacterString>Administrative units</gco:CharacterString>
          </keyword>
          <type>
            <MD_KeywordTypeCode codeList="http://www.isotc211.org/2005/resources/Codelist/gmxCodelists.xml#MD_KeywordTypeCode" codeListValue="theme" codeSpace="ISOTC211/19115">theme</MD_KeywordTypeCode>
          </type>
          <thesaurusName>
            <CI_Citation>
              <title>
                <gco:CharacterString>GEMET - INSPIRE themes, version 1.0</gco:CharacterString>
              </title>
              <date>
                <CI_Date>
                  <date>
                    <gco:Date>2008-01-06</gco:Date>
                  </date>
                  <dateType>
                    <CI_DateTypeCode codeList="http://www.isotc211.org/2005/resources/Codelist/gmxCodelists.xml#CI_DateTypeCode" codeListValue="publication" codeSpace="ISOTC211/19115">publication</CI_DateTypeCode>
                  </dateType>
                </CI_Date>
              </date>
            </CI_Citation>
          </thesaurusName>
        </MD_Keywords>
      </descriptiveKeywords>
      <descriptiveKeywords>
        <MD_Keywords>
          <keyword>
            <gco:CharacterString>Geographical names</gco:CharacterString>
          </keyword>
          <type>
            <MD_KeywordTypeCode codeList="http://www.isotc211.org/2005/resources/Codelist/gmxCodelists.xml#MD_KeywordTypeCode" codeListValue="theme" codeSpace="ISOTC211/19115">theme</MD_KeywordTypeCode>
          </type>
          <thesaurusName>
            <CI_Citation>
              <title>
                <gco:CharacterString>GEMET - INSPIRE themes, version 1.0</gco:CharacterString>
              </title>
              <date>
                <CI_Date>
                  <date>
                    <gco:Date>2008-01-06</gco:Date>
                  </date>
                  <dateType>
                    <CI_DateTypeCode codeList="http://www.isotc211.org/2005/resources/Codelist/gmxCodelists.xml#CI_DateTypeCode" codeListValue="publication" codeSpace="ISOTC211/19115">publication</CI_DateTypeCode>
                  </dateType>
                </CI_Date>
              </date>
            </CI_Citation>
          </thesaurusName>
        </MD_Keywords>
      </descriptiveKeywords>
      <descriptiveKeywords>
        <MD_Keywords>
          <keyword>
            <gco:CharacterString>administration</gco:CharacterString>
          </keyword>
          <type>
            <MD_KeywordTypeCode codeList="http://www.isotc211.org/2005/resources/Codelist/gmxCodelists.xml#MD_KeywordTypeCode" codeListValue="theme" codeSpace="ISOTC211/19115">theme</MD_KeywordTypeCode>
          </type>
          <thesaurusName>
            <CI_Citation>
              <title>
                <gco:CharacterString>GEMET - Concepts, version 2.4</gco:CharacterString>
              </title>
              <date>
                <CI_Date>
                  <date gco:nilReason="unknown" />
                  <dateType>
                    <CI_DateTypeCode codeList="http://www.isotc211.org/2005/resources/Codelist/gmxCodelists.xml#CI_DateTypeCode" codeListValue="publication" codeSpace="ISOTC211/19115">publication</CI_DateTypeCode>
                  </dateType>
                </CI_Date>
              </date>
            </CI_Citation>
          </thesaurusName>
        </MD_Keywords>
      </descriptiveKeywords>
      <descriptiveKeywords>
        <MD_Keywords>
          <keyword>
            <gco:CharacterString>border</gco:CharacterString>
          </keyword>
          <type>
            <MD_KeywordTypeCode codeList="http://www.isotc211.org/2005/resources/Codelist/gmxCodelists.xml#MD_KeywordTypeCode" codeListValue="theme" codeSpace="ISOTC211/19115">theme</MD_KeywordTypeCode>
          </type>
          <thesaurusName>
            <CI_Citation>
              <title>
                <gco:CharacterString>GEMET - Concepts, version 2.4</gco:CharacterString>
              </title>
              <date>
                <CI_Date>
                  <date gco:nilReason="unknown" />
                  <dateType>
                    <CI_DateTypeCode codeList="http://www.isotc211.org/2005/resources/Codelist/gmxCodelists.xml#CI_DateTypeCode" codeListValue="publication" codeSpace="ISOTC211/19115">publication</CI_DateTypeCode>
                  </dateType>
                </CI_Date>
              </date>
            </CI_Citation>
          </thesaurusName>
        </MD_Keywords>
      </descriptiveKeywords>
      <descriptiveKeywords>
        <MD_Keywords>
          <keyword>
            <gco:CharacterString>Downloadable Data</gco:CharacterString>
          </keyword>
          <thesaurusName uuidref="723f6998-058e-11dc-8314-0800200c9a66" />
        </MD_Keywords>
      </descriptiveKeywords>
      <resourceConstraints>
        <MD_Constraints>
          <useLimitation>
            <gco:CharacterString>Conditions unknown</gco:CharacterString>
          </useLimitation>
        </MD_Constraints>
      </resourceConstraints>
      <resourceConstraints>
        <MD_LegalConstraints>
          <accessConstraints>
            <MD_RestrictionCode codeList="http://www.isotc211.org/2005/resources/Codelist/gmxCodelists.xml#MD_RestrictionCode" codeListValue="copyright" codeSpace="ISOTC211/19115">copyright</MD_RestrictionCode>
          </accessConstraints>
          <otherConstraints>
            <gco:CharacterString>(e) intellectual property rights</gco:CharacterString>
          </otherConstraints>
        </MD_LegalConstraints>
      </resourceConstraints>
      <resourceConstraints>
        <MD_LegalConstraints>
          <useConstraints>
            <MD_RestrictionCode codeList="http://www.isotc211.org/2005/resources/Codelist/gmxCodelists.xml#MD_RestrictionCode" codeListValue="copyright" codeSpace="ISOTC211/19115">copyright</MD_RestrictionCode>
          </useConstraints>
        </MD_LegalConstraints>
      </resourceConstraints>
      <spatialRepresentationType>
        <MD_SpatialRepresentationTypeCode codeList="http://www.isotc211.org/2005/resources/Codelist/gmxCodelists.xml#MD_SpatialRepresentationTypeCode" codeListValue="vector" codeSpace="ISOTC211/19115">vector</MD_SpatialRepresentationTypeCode>
      </spatialRepresentationType>
      <spatialResolution>
        <MD_Resolution>
          <equivalentScale>
            <MD_RepresentativeFraction>
              <denominator>
                <gco:Integer>3000000</gco:Integer>
              </denominator>
            </MD_RepresentativeFraction>
          </equivalentScale>
        </MD_Resolution>
      </spatialResolution>
      <spatialResolution>
        <MD_Resolution>
          <distance>
            <gco:Distance uom="m" />
          </distance>
        </MD_Resolution>
      </spatialResolution>
      <language>
        <LanguageCode codeList="http://www.loc.gov/standards/iso639-2/php/code_list.php" codeListValue="eng" codeSpace="ISO639-2">eng</LanguageCode>
      </language>
      <characterSet>
        <MD_CharacterSetCode codeList="http://www.isotc211.org/2005/resources/Codelist/gmxCodelists.xml#MD_CharacterSetCode" codeListValue="utf8" codeSpace="ISOTC211/19115">utf8</MD_CharacterSetCode>
      </characterSet>
      <topicCategory>
        <MD_TopicCategoryCode />
      </topicCategory>
      <topicCategory>
        <MD_TopicCategoryCode>boundaries</MD_TopicCategoryCode>
      </topicCategory>
      <environmentDescription>
        <gco:CharacterString>Microsoft Windows 7 Version 6.1 (Build 7601) Service Pack 1; ESRI ArcGIS 10.0.5.4400</gco:CharacterString>
      </environmentDescription>
      <extent>
        <EX_Extent>
          <temporalElement>
            <EX_TemporalExtent>
              <extent>
                <gml:TimePeriod gml:id="ID0EXBAC">
                  <gml:beginPosition>2014-01-01</gml:beginPosition>
                  <gml:endPosition indeterminatePosition="unknown" />
                </gml:TimePeriod>
              </extent>
            </EX_TemporalExtent>
          </temporalElement>
        </EX_Extent>
      </extent>
      <extent>
        <EX_Extent>
          <geographicElement>
            <EX_GeographicBoundingBox>
              <extentTypeCode>
                <gco:Boolean>true</gco:Boolean>
              </extentTypeCode>
              <westBoundLongitude>
                <gco:Decimal>-180</gco:Decimal>
              </westBoundLongitude>
              <eastBoundLongitude>
                <gco:Decimal>180</gco:Decimal>
              </eastBoundLongitude>
              <southBoundLatitude>
                <gco:Decimal>-90</gco:Decimal>
              </southBoundLatitude>
              <northBoundLatitude>
                <gco:Decimal>83.660675</gco:Decimal>
              </northBoundLatitude>
            </EX_GeographicBoundingBox>
          </geographicElement>
        </EX_Extent>
      </extent>
    </MD_DataIdentification>
  </identificationInfo>
  <distributionInfo>
    <MD_Distribution>
      <distributionFormat>
        <MD_Format>
          <name>
            <gco:CharacterString>SDE Feature Class</gco:CharacterString>
          </name>
          <version gco:nilReason="missing" />
        </MD_Format>
      </distributionFormat>
      <distributor>
        <MD_Distributor>
          <distributorContact>
            <CI_ResponsibleParty>
              <organisationName>
                <gco:CharacterString>Eurostat GISCO - European Commission</gco:CharacterString>
              </organisationName>
              <contactInfo>
                <CI_Contact>
                  <phone>
                    <CI_Telephone>
                      <voice>
                        <gco:CharacterString>+352 4301 32076</gco:CharacterString>
                      </voice>
                      <facsimile>
                        <gco:CharacterString>+352 4301 32029</gco:CharacterString>
                      </facsimile>
                    </CI_Telephone>
                  </phone>
                  <address>
                    <CI_Address>
                      <deliveryPoint>
                        <gco:CharacterString>5, rue Alphonse Weicker</gco:CharacterString>
                      </deliveryPoint>
                      <city>
                        <gco:CharacterString>Luxembourg</gco:CharacterString>
                      </city>
                      <administrativeArea>
                        <gco:CharacterString>Luxembourg</gco:CharacterString>
                      </administrativeArea>
                      <postalCode>
                        <gco:CharacterString>2920</gco:CharacterString>
                      </postalCode>
                      <country>
                        <Country codeList="http://www.iso.org/iso/country_codes/iso_3166_code_lists.htm" codeListValue="LU" codeSpace="ISO3166-1">LU</Country>
                      </country>
                      <electronicMailAddress>
                        <gco:CharacterString>estat-gisco@ec.europa.eu</gco:CharacterString>
                      </electronicMailAddress>
                    </CI_Address>
                  </address>
                </CI_Contact>
              </contactInfo>
              <role>
                <CI_RoleCode codeList="http://www.isotc211.org/2005/resources/Codelist/gmxCodelists.xml#CI_RoleCode" codeListValue="distributor" codeSpace="ISOTC211/19115">distributor</CI_RoleCode>
              </role>
            </CI_ResponsibleParty>
          </distributorContact>
          <distributorFormat>
            <MD_Format>
              <name>
                <gco:CharacterString>File Geodatabase Feature Class</gco:CharacterString>
              </name>
              <version>
                <gco:CharacterString>9.3.1</gco:CharacterString>
              </version>
            </MD_Format>
          </distributorFormat>
          <distributorTransferOptions>
            <MD_DigitalTransferOptions />
          </distributorTransferOptions>
        </MD_Distributor>
      </distributor>
    </MD_Distribution>
  </distributionInfo>
  <dataQualityInfo>
    <DQ_DataQuality>
      <scope>
        <DQ_Scope>
          <level>
            <MD_ScopeCode codeList="http://www.isotc211.org/2005/resources/Codelist/gmxCodelists.xml#MD_ScopeCode" codeListValue="dataset" codeSpace="ISOTC211/19115">dataset</MD_ScopeCode>
          </level>
        </DQ_Scope>
      </scope>
      <report>
        <DQ_DomainConsistency>
          <result>
            <DQ_ConformanceResult>
              <specification>
                <CI_Citation>
                  <title>
                    <gco:CharacterString>COMMISSION REGULATION (EU) No 1089/2010 of 23 November 2010 implementing Directive 2007/2/EC of the European Parliament and of the Council as regards interoperability of spatial data sets and services</gco:CharacterString>
                  </title>
                  <date>
                    <CI_Date>
                      <date>
                        <gco:Date>2010-11-23</gco:Date>
                      </date>
                      <dateType>
                        <CI_DateTypeCode codeList="http://www.isotc211.org/2005/resources/Codelist/gmxCodelists.xml#CI_DateTypeCode" codeListValue="creation" codeSpace="ISOTC211/19115">creation</CI_DateTypeCode>
                      </dateType>
                    </CI_Date>
                  </date>
                </CI_Citation>
              </specification>
              <explanation>
                <gco:CharacterString>See the referenced specification</gco:CharacterString>
              </explanation>
              <pass gco:nilReason="missing" />
            </DQ_ConformanceResult>
          </result>
        </DQ_DomainConsistency>
      </report>
      <lineage>
        <LI_Lineage>
          <statement>
            <gco:CharacterString>This dataset (together with the other datasets: NUTS_2010, COMM_2010 and COAS_2010) is based on geometry of EBM 2010 of EuroGeographics on commune level with a resolution of 30m (scale 1:100.000) and GRO SCOTLAND DATA data  enriched with some other datasources like  Gaul 2010  country data, Turkish features from GISCO data 2006 and Esri dataset for the Capitals of the World.
This resulted in a common repository of geometry of which the different datasets were derived. The different scale levels were derived of generalisations of the common repository on 100K scale. This means that within each scale level the feature classes of all these datasets: COMM_2010, NUTS_2010, CNTR_2010 and COAS_2010, are fully coherent and compliant.
The 03M scale level in the CNTR_2010 dataset consists of 2 feature classes (regions and boundaries)
The boundaries and regions are related to each other through a relationship table (CNTR_RG_BN_03M_2010).	
In addition to the region and boundary feature classes there is also 1 label feature class which is scale independent and 1 point feature class about the Capitals of the World, data source from Esri datasets. For each CNTR in the region feature class there is exactly 1 label .
For EU27 the accuracy is up to scale 1/100.000 but for the rest of the world the scale level is 1/1.000.000.
The extent of this feature class is the world.
2014-01-10 - Errors in data resolved. Mayotte now an overseas department of France and therefore merged with the France polygon. Saint Barthélemy now an overseas collectivity of France and is removed from the France record and a new record with the ISO code BL is created.
2014-07-01 - Albania now EU candidate, South Sudan added, and Kosovo code changed to XK</gco:CharacterString>
          </statement>
          <processStep>
            <LI_ProcessStep>
              <description gco:nilReason="missing" />
            </LI_ProcessStep>
          </processStep>
          <source>
            <LI_Source>
              <description>
                <gco:CharacterString>(i) Eurogeographics EBM v5.0. and GRO SCOTLAND DATA data  (scale 1:100K) 
(ii) GAUL 2008 country level data
(iii) TR for the Turkish features FROM GISCO data 2006
(v) VLIZ Maritime Boundaries Geodatabase Economic Exclusive Zones (EEZ)
(vi) ArcWorld ESRI Data (Capitals of the World)
</gco:CharacterString>
              </description>
            </LI_Source>
          </source>
        </LI_Lineage>
      </lineage>
    </DQ_DataQuality>
  </dataQualityInfo>
</MD_Metadata>